id,observed_on,out_of_range,url,latitude,longitude,place_county_name,place_state_name,place_country_name,place_admin1_name,place_admin2_name,scientific_name,taxon_id
253732,2013-05-03,,http://www.inaturalist.org/observations/253732,43.851684,-72.589849,Windsor,Vermont,United States,Vermont,Windsor,Pieris oleracea,198821
275338,2013-05-20,,http://www.inaturalist.org/observations/275338,43.543,-72.7493333333,Windsor,Vermont,United States,Vermont,Windsor,Pieris oleracea,198821
335278,2013-07-12,,http://www.inaturalist.org/observations/335278,43.729586,-72.916946,Rutland,Vermont,United States,Vermont,Rutland,Pieris oleracea,198821
338774,2013-07-19,,http://www.inaturalist.org/observations/338774,43.629055,-72.93952,Rutland,Vermont,United States,Vermont,Rutland,Pieris oleracea,198821
339579,2013-07-19,,http://www.inaturalist.org/observations/339579,44.295098,-72.504766,Washington,Vermont,United States,Vermont,Washington,Pieris oleracea,198821
340223,2013-07-21,,http://www.inaturalist.org/observations/340223,44.27385954,-73.94496739,Essex,New York,United States,New York,Essex,Pieris oleracea,198821
343927,2013-07-17,,http://www.inaturalist.org/observations/343927,44.763536,-72.147131,Orleans,Vermont,United States,Vermont,Orleans,Pieris oleracea,198821
528108,2006-05-07,,http://www.inaturalist.org/observations/528108,43.64279,-73.030668,Rutland,Vermont,United States,Vermont,Rutland,Pieris oleracea,198821
555677,2012-04-14,,http://www.inaturalist.org/observations/555677,44.7612,-91.750645,Dunn,Wisconsin,United States,Wisconsin,Dunn,Pieris oleracea,198821
558280,2013-05-06,,http://www.inaturalist.org/observations/558280,43.714224,-72.903664,Rutland,Vermont,United States,Vermont,Rutland,Pieris oleracea,198821
558282,2013-06-02,,http://www.inaturalist.org/observations/558282,44.045073,-72.831706,Addison,Vermont,United States,Vermont,Addison,Pieris oleracea,198821
673134,2014-05-11,,http://www.inaturalist.org/observations/673134,43.587727,-72.914886,Rutland,Vermont,United States,Vermont,Rutland,Pieris oleracea,198821
682378,2014-05-17,,http://www.inaturalist.org/observations/682378,43.587789,-72.914543,Rutland,Vermont,United States,Vermont,Rutland,Pieris oleracea,198821
691409,2014-05-21,,http://www.inaturalist.org/observations/691409,44.061868,-72.8526,Washington,Vermont,United States,Vermont,Washington,Pieris oleracea,198821
720316,2014-06-04,,http://www.inaturalist.org/observations/720316,44.27404178,-73.94387523,Essex,New York,United States,New York,Essex,Pieris oleracea,198821
1088739,2012-04-19,,http://www.inaturalist.org/observations/1088739,44.341152,-72.463225,Washington,Vermont,United States,Vermont,Washington,Pieris oleracea,198821
1088839,2014-05-10,,http://www.inaturalist.org/observations/1088839,44.340881,-72.461311,Washington,Vermont,United States,Vermont,Washington,Pieris oleracea,198821
1471745,2015-05-06,,http://www.inaturalist.org/observations/1471745,44.318128,-72.466817,Washington,Vermont,United States,Vermont,Washington,Pieris oleracea,198821
1497946,2015-05-14,,http://www.inaturalist.org/observations/1497946,44.3215983333,-72.4977216667,Washington,Vermont,United States,Vermont,Washington,Pieris oleracea,198821
1503865,2015-05-17,,http://www.inaturalist.org/observations/1503865,43.713463,-72.901157,Rutland,Vermont,United States,Vermont,Rutland,Pieris oleracea,198821
1504012,2015-05-17,,http://www.inaturalist.org/observations/1504012,43.713581,-72.903299,Rutland,Vermont,United States,Vermont,Rutland,Pieris oleracea,198821
1521054,2015-05-21,,http://www.inaturalist.org/observations/1521054,43.643618,-72.893874,Rutland,Vermont,United States,Vermont,Rutland,Pieris oleracea,198821
1530361,2015-05-22,,http://www.inaturalist.org/observations/1530361,43.643675,-72.886562,Rutland,Vermont,United States,Vermont,Rutland,Pieris oleracea,198821
1535314,2015-05-23,,http://www.inaturalist.org/observations/1535314,53.408238,-113.757418,Division No. 11,,Canada,Alberta,Division No. 11,Pieris oleracea,198821
1540269,2015-05-23,,http://www.inaturalist.org/observations/1540269,44.279005,-72.419163,Washington,Vermont,United States,Vermont,Washington,Pieris oleracea,198821
1540270,2015-05-23,,http://www.inaturalist.org/observations/1540270,44.340881,-72.461311,Washington,Vermont,United States,Vermont,Washington,Pieris oleracea,198821
1588024,2015-06-03,,http://www.inaturalist.org/observations/1588024,44.3415416667,-72.4628633333,Washington,Vermont,United States,Vermont,Washington,Pieris oleracea,198821
1620891,2015-06-10,,http://www.inaturalist.org/observations/1620891,43.591416,-72.910658,Rutland,Vermont,United States,Vermont,Rutland,Pieris oleracea,198821
1622265,2015-06-03,,http://www.inaturalist.org/observations/1622265,44.27407895,-73.9439096,Essex,New York,United States,New York,Essex,Pieris oleracea,198821
1637373,2015-06-12,,http://www.inaturalist.org/observations/1637373,44.3754266667,-72.4737866667,Washington,Vermont,United States,Vermont,Washington,Pieris oleracea,198821
1742174,2015-07-10,,http://www.inaturalist.org/observations/1742174,43.645549,-72.953257,Rutland,Vermont,United States,Vermont,Rutland,Pieris oleracea,198821
1773461,2015-07-17,,http://www.inaturalist.org/observations/1773461,43.645614,-72.951832,Rutland,Vermont,United States,Vermont,Rutland,Pieris oleracea,198821
1782729,2015-07-17,,http://www.inaturalist.org/observations/1782729,43.648117,-72.956911,Rutland,Vermont,United States,Vermont,Rutland,Pieris oleracea,198821
1804787,2015-07-26,,http://www.inaturalist.org/observations/1804787,49.774426,-92.840933,,,Canada,Ontario,Kenora,Pieris oleracea,198821
1819201,2012-04-20,,http://www.inaturalist.org/observations/1819201,44.707272,-72.545669,Lamoille,Vermont,United States,Vermont,Lamoille,Pieris oleracea,198821
1822593,2015-07-29,,http://www.inaturalist.org/observations/1822593,44.827826,-71.714472,Essex,Vermont,United States,Vermont,Essex,Pieris oleracea,198821
1851760,2009-05-30,,http://www.inaturalist.org/observations/1851760,53.531565,-113.323969,Division No. 11,,Canada,Alberta,Division No. 11,Pieris oleracea,198821
1886879,2015-08-22,,http://www.inaturalist.org/observations/1886879,44.502706,-72.625464,Lamoille,Vermont,United States,Vermont,Lamoille,Pieris oleracea,198821
1893161,2015-07-03,,http://www.inaturalist.org/observations/1893161,44.31319,-72.47538,Washington,Vermont,United States,Vermont,Washington,Pieris oleracea,198821
1912967,2015-07-31,,http://www.inaturalist.org/observations/1912967,44.318483,-72.438794,Washington,Vermont,United States,Vermont,Washington,Pieris oleracea,198821
2607898,2014-07-02,,http://inaturalist.ca/observations/2607898,43.69357,-79.966478,Halton,,Canada,Ontario,Halton,Pieris oleracea,198821
2651318,2013-06-04,,http://www.inaturalist.org/observations/2651318,43.74022,-79.951286,Peel,,Canada,Ontario,Peel,Pieris oleracea,198821
3136282,2016-05-07,,http://www.inaturalist.org/observations/3136282,44.32413,-73.036828,Chittenden,Vermont,United States,Vermont,Chittenden,Pieris oleracea,198821
3151304,2016-05-11,,http://www.inaturalist.org/observations/3151304,43.963322,-73.030801,Addison,Vermont,United States,Vermont,Addison,Pieris oleracea,198821
3173982,2016-05-14,,http://www.inaturalist.org/observations/3173982,43.71316,-72.900728,Rutland,Vermont,United States,Vermont,Rutland,Pieris oleracea,198821
3183747,2016-05-14,,http://www.inaturalist.org/observations/3183747,43.713472,-72.901647,Rutland,Vermont,United States,Vermont,Rutland,Pieris oleracea,198821
3189137,2016-05-14,,http://www.inaturalist.org/observations/3189137,43.701218,-72.884958,Rutland,Vermont,United States,Vermont,Rutland,Pieris oleracea,198821
3218310,2016-05-11,,http://www.inaturalist.org/observations/3218310,44.3260716667,-72.4980483333,Washington,Vermont,United States,Vermont,Washington,Pieris oleracea,198821
3218436,2016-05-10,,http://www.inaturalist.org/observations/3218436,44.3406083333,-72.4614,Washington,Vermont,United States,Vermont,Washington,Pieris oleracea,198821
3261260,2016-05-21,,http://www.inaturalist.org/observations/3261260,45.783228,-75.304011,Papineau,,Canada,Québec,Papineau,Pieris oleracea,198821
3266946,2016-05-21,,http://www.inaturalist.org/observations/3266946,43.852948,-72.588799,Windsor,Vermont,United States,Vermont,Windsor,Pieris oleracea,198821
3275110,2016-05-22,,http://www.inaturalist.org/observations/3275110,45.06661,-75.8216,Ottawa,,Canada,Ontario,Ottawa,Pieris oleracea,198821
3279691,2016-05-13,,http://www.inaturalist.org/observations/3279691,44.351525,-73.00666945,Chittenden,Vermont,United States,Vermont,Chittenden,Pieris oleracea,198821
3303858,2016-05-21,,http://www.inaturalist.org/observations/3303858,44.546658,-79.050368,Kawartha Lakes,,Canada,Ontario,Kawartha Lakes,Pieris oleracea,198821
3316452,2016-05-27,,http://www.inaturalist.org/observations/3316452,43.712895,-72.900088,Rutland,Vermont,United States,Vermont,Rutland,Pieris oleracea,198821
3327564,2016-05-21,,http://www.inaturalist.org/observations/3327564,44.47146,-72.654905,Lamoille,Vermont,United States,Vermont,Lamoille,Pieris oleracea,198821
3336584,2016-05-29,,http://www.inaturalist.org/observations/3336584,43.840099,-72.363338,Orange,Vermont,United States,Vermont,Orange,Pieris oleracea,198821
3344966,2016-05-30,,http://www.inaturalist.org/observations/3344966,43.556165,-72.803872,Rutland,Vermont,United States,Vermont,Rutland,Pieris oleracea,198821
3357929,2016-05-20,,http://www.inaturalist.org/observations/3357929,44.342005,-72.4627083333,Washington,Vermont,United States,Vermont,Washington,Pieris oleracea,198821
3357945,2016-05-21,,http://www.inaturalist.org/observations/3357945,44.3237016667,-72.47968,Washington,Vermont,United States,Vermont,Washington,Pieris oleracea,198821
3358021,2016-05-30,,http://www.inaturalist.org/observations/3358021,44.3414816667,-72.46621,Washington,Vermont,United States,Vermont,Washington,Pieris oleracea,198821
3430874,2016-06-10,,http://www.inaturalist.org/observations/3430874,45.293811,-75.812305,Ottawa,,Canada,Ontario,Ottawa,Pieris oleracea,198821
3512022,2016-06-23,,http://www.inaturalist.org/observations/3512022,44.9178803154,-85.7036910766,Leelanau,Michigan,United States,Michigan,Leelanau,Pieris oleracea,198821
3648368,2016-07-07,,http://www.inaturalist.org/observations/3648368,44.762985,-72.1470033333,Orleans,Vermont,United States,Vermont,Orleans,Pieris oleracea,198821
3665621,2016-07-12,,http://www.inaturalist.org/observations/3665621,43.8169927922,-72.2529280186,Orange,Vermont,United States,Vermont,Orange,Pieris oleracea,198821
3665991,2016-07-11,,http://www.inaturalist.org/observations/3665991,44.762985,-72.1470033333,Orleans,Vermont,United States,Vermont,Orleans,Pieris oleracea,198821
3675554,2016-07-09,,http://www.inaturalist.org/observations/3675554,44.8023633333,-85.28439,Kalkaska,Michigan,United States,Michigan,Kalkaska,Pieris oleracea,198821
3701631,2016-07-15,,http://inaturalist.ca/observations/3701631,48.1923,-89.571305,,,Canada,Ontario,Thunder Bay,Pieris oleracea,198821
3741270,2016-06-25,,http://www.inaturalist.org/observations/3741270,42.3298572,-84.080673,Washtenaw,Michigan,United States,Michigan,Washtenaw,Pieris oleracea,198821
4041309,2016-08-23,,http://www.inaturalist.org/observations/4041309,44.762985,-72.1470033333,Orleans,Vermont,United States,Vermont,Orleans,Pieris oleracea,198821
4052355,2016-07-30,,http://www.inaturalist.org/observations/4052355,44.8904786039,-72.6959055663,Franklin,Vermont,United States,Vermont,Franklin,Pieris oleracea,198821
4056086,2014-07-18,,http://www.inaturalist.org/observations/4056086,47.587453,-94.751653,Beltrami,Minnesota,United States,Minnesota,Beltrami,Pieris oleracea,198821
4323260,2015-06-08,,http://www.inaturalist.org/observations/4323260,47.0759163088,-92.6626235247,Saint Louis,Minnesota,United States,Minnesota,St. Louis,Pieris oleracea,198821
4421622,2014-08-19,,http://www.inaturalist.org/observations/4421622,45.3859122102,-75.7032390266,Ottawa,,Canada,Ontario,Ottawa,Pieris oleracea,198821
4494518,2016-05-20,,http://www.inaturalist.org/observations/4494518,44.4107070963,-72.774786956,Washington,Vermont,United States,Vermont,Washington,Pieris oleracea,198821
4797450,2011-07-18,,https://www.inaturalist.org/observations/4797450,46.2273027778,-85.0593305556,Chippewa,Michigan,United States,Michigan,Chippewa,Pieris oleracea,198821
4963801,2016-05-17,,https://www.inaturalist.org/observations/4963801,45.3338208997,-89.1305780411,Langlade,Wisconsin,United States,Wisconsin,Langlade,Pieris oleracea,198821
4983294,2015-06-05,,https://www.inaturalist.org/observations/4983294,44.631195366,-79.0104104022,Kawartha Lakes,,Canada,Ontario,Kawartha Lakes,Pieris oleracea,198821
4991318,2016-05-19,,https://www.inaturalist.org/observations/4991318,44.1868816872,-74.3195915222,Franklin,New York,United States,New York,Franklin,Pieris oleracea,198821
5152115,2012-07-28,,http://inaturalist.ca/observations/5152115,45.320107,-75.093376,Prescott and Russell,,Canada,Ontario,Prescott and Russell,Pieris oleracea,198821
5936286,2015-05-02,,https://www.inaturalist.org/observations/5936286,45.2090343615,-75.232186312,"Stormont, Dundas and Glengarry",,Canada,Ontario,"Stormont, Dundas and Glengarry",Pieris oleracea,198821
5999990,2017-04-28,,https://www.inaturalist.org/observations/5999990,42.425325,-73.2304483333,Berkshire,Massachusetts,United States,Massachusetts,Berkshire,Pieris oleracea,198821
5999993,2017-04-28,,https://www.inaturalist.org/observations/5999993,42.4283583333,-73.2304416667,Berkshire,Massachusetts,United States,Massachusetts,Berkshire,Pieris oleracea,198821
5999997,2017-04-28,,https://www.inaturalist.org/observations/5999997,42.4285966667,-73.2337966667,Berkshire,Massachusetts,United States,Massachusetts,Berkshire,Pieris oleracea,198821
6016148,2017-04-29,,https://www.inaturalist.org/observations/6016148,44.9370884987,-73.0984595418,Franklin,Vermont,United States,Vermont,Franklin,Pieris oleracea,198821
6077591,2017-04-29,,https://www.inaturalist.org/observations/6077591,43.5893746784,-72.9078269005,Rutland,Vermont,United States,Vermont,Rutland,Pieris oleracea,198821
6079087,2017-05-03,,https://www.inaturalist.org/observations/6079087,44.4816671,-78.99623922,Kawartha Lakes,,Canada,Ontario,Kawartha Lakes,Pieris oleracea,198821
6165842,2017-05-10,,https://www.inaturalist.org/observations/6165842,43.692414157,-73.2218461987,Rutland,Vermont,United States,Vermont,Rutland,Pieris oleracea,198821
6177118,2017-05-11,,https://www.inaturalist.org/observations/6177118,43.8665892883,-73.0444908142,Addison,Vermont,United States,Vermont,Addison,Pieris oleracea,198821
6188331,2017-05-12,,https://www.inaturalist.org/observations/6188331,44.3108133333,-72.37427,Washington,Vermont,United States,Vermont,Washington,Pieris oleracea,198821
6201501,2017-05-12,,https://www.inaturalist.org/observations/6201501,44.3530497539,-72.7706487707,Washington,Vermont,United States,Vermont,Washington,Pieris oleracea,198821
6292711,2017-05-18,,https://www.inaturalist.org/observations/6292711,44.4224083333,-72.51016,Washington,Vermont,United States,Vermont,Washington,Pieris oleracea,198821
6292943,2017-05-18,,https://www.inaturalist.org/observations/6292943,44.422175,-72.509815,Washington,Vermont,United States,Vermont,Washington,Pieris oleracea,198821
6349989,2017-05-24,,https://www.inaturalist.org/observations/6349989,43.673505,-72.7827016667,Rutland,Vermont,United States,Vermont,Rutland,Pieris oleracea,198821
6364380,2017-05-25,,https://www.inaturalist.org/observations/6364380,44.4147066667,-72.4933966667,Washington,Vermont,United States,Vermont,Washington,Pieris oleracea,198821
6386227,2017-05-27,,http://inaturalist.ca/observations/6386227,43.6967870215,-80.245563536,Wellington,,Canada,Ontario,Wellington,Pieris oleracea,198821
6388572,2017-05-27,,https://www.inaturalist.org/observations/6388572,44.7520897769,-72.6345419884,Lamoille,Vermont,United States,Vermont,Lamoille,Pieris oleracea,198821
6435797,2017-05-30,,https://www.inaturalist.org/observations/6435797,43.7134967863,-72.8912916182,Rutland,Vermont,United States,Vermont,Rutland,Pieris oleracea,198821
6443159,2017-05-28,,https://www.inaturalist.org/observations/6443159,44.4720027778,-72.7602083333,Lamoille,Vermont,United States,Vermont,Lamoille,Pieris oleracea,198821
6444684,2017-05-31,,http://inaturalist.ca/observations/6444684,44.5607,-78.3542166667,Peterborough,,Canada,Ontario,Peterborough,Pieris oleracea,198821
6456930,2017-05-30,,http://inaturalist.ca/observations/6456930,45.9562555614,-66.7137572396,York,,Canada,New Brunswick,York,Pieris oleracea,198821
6459399,2017-06-01,,https://www.inaturalist.org/observations/6459399,43.3472055707,-80.1188983944,Hamilton,,Canada,Ontario,Hamilton,Pieris oleracea,198821
6463725,2017-06-01,,https://www.inaturalist.org/observations/6463725,44.4436583333,-72.4485916667,Washington,Vermont,United States,Vermont,Washington,Pieris oleracea,198821
6488825,2017-06-03,,https://www.inaturalist.org/observations/6488825,43.4156446402,-80.1028566767,Wellington,,Canada,Ontario,Wellington,Pieris oleracea,198821
6498463,2017-06-04,,https://www.inaturalist.org/observations/6498463,43.4162681,-80.1107531,Wellington,,Canada,Ontario,Wellington,Pieris oleracea,198821
6539681,2017-06-07,,https://www.inaturalist.org/observations/6539681,43.5554463384,-72.8031654953,Rutland,Vermont,United States,Vermont,Rutland,Pieris oleracea,198821
6570151,2017-05-14,,https://www.inaturalist.org/observations/6570151,45.43185,-76.323181,Renfrew,,Canada,Ontario,Renfrew,Pieris oleracea,198821
6575459,2017-06-10,,http://inaturalist.ca/observations/6575459,44.56311,-79.58956,Simcoe,,Canada,Ontario,Simcoe,Pieris oleracea,198821
6599536,2017-06-11,,https://www.inaturalist.org/observations/6599536,45.2195011945,-76.7092895508,Renfrew,,Canada,Ontario,Renfrew,Pieris oleracea,198821
6602499,2017-06-10,,https://www.inaturalist.org/observations/6602499,44.35185,-72.52466,Washington,Vermont,United States,Vermont,Washington,Pieris oleracea,198821
6602502,2017-06-10,,https://www.inaturalist.org/observations/6602502,44.3519116667,-72.5247516667,Washington,Vermont,United States,Vermont,Washington,Pieris oleracea,198821
6634723,2017-06-11,,https://www.inaturalist.org/observations/6634723,44.5065334706,-78.4727722406,Peterborough,,Canada,Ontario,Peterborough,Pieris oleracea,198821
6722805,2017-05-19,,http://inaturalist.ca/observations/6722805,44.4747294,-77.3102478,Hastings,,Canada,Ontario,Hastings,Pieris oleracea,198821
6723084,2017-05-10,,http://inaturalist.ca/observations/6723084,44.4747294,-77.3102478,Hastings,,Canada,Ontario,Hastings,Pieris oleracea,198821
6945415,2017-07-05,,https://www.inaturalist.org/observations/6945415,44.6935447982,-79.0174806118,Kawartha Lakes,,Canada,Ontario,Kawartha Lakes,Pieris oleracea,198821
6945918,2017-07-06,,https://www.inaturalist.org/observations/6945918,47.1593923,-94.7626637,Hubbard,Minnesota,United States,Minnesota,Hubbard,Pieris oleracea,198821
6970615,2017-07-02,,https://www.inaturalist.org/observations/6970615,43.4162681,-80.1107531,Wellington,,Canada,Ontario,Wellington,Pieris oleracea,198821
6995872,2017-07-09,,https://www.inaturalist.org/observations/6995872,44.5660970025,-72.628191917,Lamoille,Vermont,United States,Vermont,Lamoille,Pieris oleracea,198821
7015619,2017-07-11,,https://www.inaturalist.org/observations/7015619,44.7716449204,-76.2502777576,Lanark,,Canada,Ontario,Lanark,Pieris oleracea,198821
7030266,2005-05-30,,http://inaturalist.ca/observations/7030266,44.5582181034,-79.577596203,Simcoe,,Canada,Ontario,Simcoe,Pieris oleracea,198821
7030299,2005-08-02,,http://inaturalist.ca/observations/7030299,44.5587490413,-79.5750633264,Simcoe,,Canada,Ontario,Simcoe,Pieris oleracea,198821
7059947,2017-07-14,,https://www.inaturalist.org/observations/7059947,47.5874529,-94.7516528,Beltrami,Minnesota,United States,Minnesota,Beltrami,Pieris oleracea,198821
7064292,2017-07-15,,http://inaturalist.ca/observations/7064292,44.560365,-79.5729566667,Simcoe,,Canada,Ontario,Simcoe,Pieris oleracea,198821
7163539,2017-07-22,,http://inaturalist.ca/observations/7163539,44.560145,-79.5714566667,Simcoe,,Canada,Ontario,Simcoe,Pieris oleracea,198821
7163816,2017-07-22,,https://www.inaturalist.org/observations/7163816,44.742805,-72.59063,Lamoille,Vermont,United States,Vermont,Lamoille,Pieris oleracea,198821
7168079,2017-07-22,,https://www.inaturalist.org/observations/7168079,44.7416525978,-72.5882578967,Lamoille,Vermont,United States,Vermont,Lamoille,Pieris oleracea,198821
7182401,2017-07-22,,https://www.inaturalist.org/observations/7182401,44.5711111687,-72.6240719985,Lamoille,Vermont,United States,Vermont,Lamoille,Pieris oleracea,198821
7194693,2017-07-22,,https://www.inaturalist.org/observations/7194693,44.74338,-72.587528,Lamoille,Vermont,United States,Vermont,Lamoille,Pieris oleracea,198821
7194972,2017-07-23,,http://inaturalist.ca/observations/7194972,43.6956447907,-80.247812569,Wellington,,Canada,Ontario,Wellington,Pieris oleracea,198821
7195408,2017-07-22,,https://www.inaturalist.org/observations/7195408,44.7432330659,-72.5912563998,Lamoille,Vermont,United States,Vermont,Lamoille,Pieris oleracea,198821
7224586,2017-07-26,,https://www.inaturalist.org/observations/7224586,43.4162681,-80.1107531,Wellington,,Canada,Ontario,Wellington,Pieris oleracea,198821
7248222,2017-07-28,,http://inaturalist.ca/observations/7248222,46.427025,-81.0971138333,Greater Sudbury,,Canada,Ontario,Greater Sudbury,Pieris oleracea,198821
7255867,2017-07-27,,https://www.inaturalist.org/observations/7255867,43.3679647844,-80.0961256027,Hamilton,,Canada,Ontario,Hamilton,Pieris oleracea,198821
7363897,2017-08-05,,http://inaturalist.ca/observations/7363897,44.4137474092,-79.7616004944,Simcoe,,Canada,Ontario,Simcoe,Pieris oleracea,198821
7364304,2017-07-23,,https://www.inaturalist.org/observations/7364304,43.4000503,-80.1044818,Hamilton,,Canada,Ontario,Hamilton,Pieris oleracea,198821
7376151,2014-07-23,,http://inaturalist.ca/observations/7376151,46.197915,-62.835566,Queens,,Canada,Prince Edward Island,Queens,Pieris oleracea,198821
7485299,2017-08-13,,http://inaturalist.ca/observations/7485299,42.99425,-82.9583316667,Saint Clair,Michigan,United States,Michigan,St. Clair,Pieris oleracea,198821
7644310,2017-08-24,,https://www.inaturalist.org/observations/7644310,45.8158454206,-71.7355197576,Asbestos,,Canada,Québec,Asbestos,Pieris oleracea,198821
7923787,2014-05-24,,https://www.inaturalist.org/observations/7923787,44.5809397222,-79.6882363889,Simcoe,,Canada,Ontario,Simcoe,Pieris oleracea,198821
8020940,2017-05-14,,https://www.inaturalist.org/observations/8020940,45.7415120577,-84.8941898346,Emmet,Michigan,United States,Michigan,Emmet,Pieris oleracea,198821
8063830,2017-09-10,,https://www.inaturalist.org/observations/8063830,51.2898666667,-80.6226733333,,,Canada,Ontario,Cochrane,Pieris oleracea,198821
8089993,2017-07-07,,https://www.inaturalist.org/observations/8089993,44.4511831215,-77.3650789261,Hastings,,Canada,Ontario,Hastings,Pieris oleracea,198821
8414863,2017-07-18,,https://www.inaturalist.org/observations/8414863,44.484565732,-77.4707579613,Hastings,,Canada,Ontario,Hastings,Pieris oleracea,198821
8522227,2015-06-28,,https://www.inaturalist.org/observations/8522227,51.0207112974,-93.8397037627,,,Canada,Ontario,Kenora,Pieris oleracea,198821
8622199,2017-07-25,,https://www.inaturalist.org/observations/8622199,44.4847035105,-77.2937107086,Hastings,,Canada,Ontario,Hastings,Pieris oleracea,198821
8778783,2015-08-02,,https://www.inaturalist.org/observations/8778783,48.736863887,-93.6235270797,,,Canada,Ontario,Rainy River,Pieris oleracea,198821
8968045,2012-04-19,,https://www.inaturalist.org/observations/8968045,44.4614036795,-77.330491094,Hastings,,Canada,Ontario,Hastings,Pieris oleracea,198821
9141227,2017-08-12,,https://www.inaturalist.org/observations/9141227,45.2908451,-89.060867,Langlade,Wisconsin,United States,Wisconsin,Langlade,Pieris oleracea,198821
9212771,2012-07-01,,https://www.inaturalist.org/observations/9212771,44.2813261395,-77.2782826424,Hastings,,Canada,Ontario,Hastings,Pieris oleracea,198821
9249940,2012-07-04,,https://www.inaturalist.org/observations/9249940,44.4697618284,-77.3150289059,Hastings,,Canada,Ontario,Hastings,Pieris oleracea,198821
9316098,2017-05-28,,https://www.inaturalist.org/observations/9316098,44.4323724171,-72.7454364711,Washington,Vermont,United States,Vermont,Washington,Pieris oleracea,198821
9354415,2013-05-09,,https://www.inaturalist.org/observations/9354415,44.4719916352,-77.3141461539,Hastings,,Canada,Ontario,Hastings,Pieris oleracea,198821
9357951,2013-05-18,,https://www.inaturalist.org/observations/9357951,44.465300671,-77.3209809687,Hastings,,Canada,Ontario,Hastings,Pieris oleracea,198821
9364338,2013-05-26,,https://www.inaturalist.org/observations/9364338,44.3551762154,-77.105413661,Lennox and Addington,,Canada,Ontario,Lennox and Addington,Pieris oleracea,198821
9415510,2013-06-12,,https://www.inaturalist.org/observations/9415510,44.4785247252,-77.2998666193,Hastings,,Canada,Ontario,Hastings,Pieris oleracea,198821
9508536,2015-05-27,,https://www.inaturalist.org/observations/9508536,44.2450412008,-74.2325592041,Franklin,New York,United States,New York,Franklin,Pieris oleracea,198821
9643677,2016-07-09,,https://www.inaturalist.org/observations/9643677,48.628916486,-93.8365674019,,,Canada,Ontario,Rainy River,Pieris oleracea,198821
9647672,2014-05-17,,https://www.inaturalist.org/observations/9647672,44.4687649679,-77.3154687881,Hastings,,Canada,Ontario,Hastings,Pieris oleracea,198821
9659320,2014-05-19,,https://www.inaturalist.org/observations/9659320,44.4775431879,-77.3014032841,Hastings,,Canada,Ontario,Hastings,Pieris oleracea,198821
9682093,2007-05-29,,https://www.inaturalist.org/observations/9682093,44.2620657129,-74.0136694908,Essex,New York,United States,New York,Essex,Pieris oleracea,198821
9682168,2011-05-11,,https://www.inaturalist.org/observations/9682168,45.0137176,-76.9131657,Frontenac,,Canada,Ontario,Frontenac,Pieris oleracea,198821
9682221,2012-05-02,,https://www.inaturalist.org/observations/9682221,45.0137176,-76.9131657,Frontenac,,Canada,Ontario,Frontenac,Pieris oleracea,198821
9685086,2014-05-30,,https://www.inaturalist.org/observations/9685086,44.4681708244,-77.3170566559,Hastings,,Canada,Ontario,Hastings,Pieris oleracea,198821
9747182,2014-05-19,,https://www.inaturalist.org/observations/9747182,45.6334637376,-77.0701539129,Renfrew,,Canada,Ontario,Renfrew,Pieris oleracea,198821
9763589,2014-07-06,,https://www.inaturalist.org/observations/9763589,44.4775278773,-77.3019933701,Hastings,,Canada,Ontario,Hastings,Pieris oleracea,198821
9825889,2008-08-12,,https://www.inaturalist.org/observations/9825889,45.3954626178,-75.1746797562,Prescott and Russell,,Canada,Ontario,Prescott and Russell,Pieris oleracea,198821
9828444,2015-05-05,,https://www.inaturalist.org/observations/9828444,44.4666662982,-77.3173382878,Hastings,,Canada,Ontario,Hastings,Pieris oleracea,198821
9868266,2017-07-29,,https://www.inaturalist.org/observations/9868266,45.410665905,-64.6047998811,Cumberland,,Canada,Nova Scotia,Cumberland,Pieris oleracea,198821
9868835,2015-05-13,,https://www.inaturalist.org/observations/9868835,45.4349158,-89.1835167,Langlade,Wisconsin,United States,Wisconsin,Langlade,Pieris oleracea,198821
9871877,2012-07-02,,https://www.inaturalist.org/observations/9871877,45.5099011463,-64.6515414931,Cumberland,,Canada,Nova Scotia,Cumberland,Pieris oleracea,198821
9885606,2015-05-13,,https://www.inaturalist.org/observations/9885606,44.4779519792,-77.3026585579,Hastings,,Canada,Ontario,Hastings,Pieris oleracea,198821
9886973,2009-05-21,,https://www.inaturalist.org/observations/9886973,45.3715299167,-75.2086687088,Prescott and Russell,,Canada,Ontario,Prescott and Russell,Pieris oleracea,198821
9900510,2007-08-05,,https://www.inaturalist.org/observations/9900510,45.4433773181,-64.6431113975,Cumberland,,Canada,Nova Scotia,Cumberland,Pieris oleracea,198821
9911943,2017-06-12,,https://www.inaturalist.org/observations/9911943,44.1112539736,-80.1291275024,Dufferin,,Canada,Ontario,Dufferin,Pieris oleracea,198821
9949097,2007-05-14,,https://www.inaturalist.org/observations/9949097,45.3751581507,-75.1908051968,Prescott and Russell,,Canada,Ontario,Prescott and Russell,Pieris oleracea,198821
9996752,2015-06-20,,https://www.inaturalist.org/observations/9996752,44.4800647873,-77.3016929626,Hastings,,Canada,Ontario,Hastings,Pieris oleracea,198821
10055440,2015-07-05,,https://www.inaturalist.org/observations/10055440,44.4699057669,-77.3149645329,Hastings,,Canada,Ontario,Hastings,Pieris oleracea,198821
10058514,2015-07-16,,https://www.inaturalist.org/observations/10058514,44.4603116398,-77.3336219788,Hastings,,Canada,Ontario,Hastings,Pieris oleracea,198821
10069506,2015-07-21,,https://www.inaturalist.org/observations/10069506,44.4816876153,-77.2986888932,Hastings,,Canada,Ontario,Hastings,Pieris oleracea,198821
10282432,2011-08-16,,https://www.inaturalist.org/observations/10282432,51.2915529482,-80.089302063,,,Canada,Ontario,Cochrane,Pieris oleracea,198821
10335860,2016-04-27,,https://www.inaturalist.org/observations/10335860,45.3636862876,-75.192360878,Prescott and Russell,,Canada,Ontario,Prescott and Russell,Pieris oleracea,198821
10394575,2015-05-12,,https://www.inaturalist.org/observations/10394575,44.350073,-78.287158,Peterborough,,Canada,Ontario,Peterborough,Pieris oleracea,198821
10625461,2011-07-27,,https://www.inaturalist.org/observations/10625461,45.147968,-67.297234,Charlotte,,Canada,New Brunswick,Charlotte,Pieris oleracea,198821
10739238,2012-05-09,,https://www.inaturalist.org/observations/10739238,47.535378,-94.827523,Beltrami,Minnesota,United States,Minnesota,Beltrami,Pieris oleracea,198821
10760911,2012-08-03,,https://www.inaturalist.org/observations/10760911,51.7319615324,-80.6095047,,,Canada,Ontario,Cochrane,Pieris oleracea,198821
10782760,2014-09-07,,https://www.inaturalist.org/observations/10782760,44.6444356711,-62.6152389453,Halifax,,Canada,Nova Scotia,Halifax,Pieris oleracea,198821
10796461,2017-05-23,,https://www.inaturalist.org/observations/10796461,45.0818543599,-75.8094191551,Ottawa,,Canada,Ontario,Ottawa,Pieris oleracea,198821
10796673,2017-05-23,,https://www.inaturalist.org/observations/10796673,45.0838239785,-75.8121818304,Ottawa,,Canada,Ontario,Ottawa,Pieris oleracea,198821
10796957,2017-05-23,,https://www.inaturalist.org/observations/10796957,45.0870055267,-75.8149659634,Ottawa,,Canada,Ontario,Ottawa,Pieris oleracea,198821
10979399,2010-07-15,,https://www.inaturalist.org/observations/10979399,45.5484334365,-64.6349666631,Cumberland,,Canada,Nova Scotia,Cumberland,Pieris oleracea,198821
10981394,2017-07-15,,https://www.inaturalist.org/observations/10981394,43.8200816773,-80.0134277344,Peel,,Canada,Ontario,Peel,Pieris oleracea,198821
11133746,2015-05-27,,https://www.inaturalist.org/observations/11133746,46.3744887856,-64.8777969356,Kent,,Canada,New Brunswick,Kent,Pieris oleracea,198821
11561230,2012-07-24,,https://www.inaturalist.org/observations/11561230,46.1115808641,-60.6301057597,Victoria,,Canada,Nova Scotia,Victoria,Pieris oleracea,198821
12149665,2017-08-11,,https://www.inaturalist.org/observations/12149665,51.7832886825,-80.5123015407,,,Canada,Ontario,Cochrane,Pieris oleracea,198821
12279985,2018-05-08,,https://www.inaturalist.org/observations/12279985,44.4305888889,-75.6624222222,St. Lawrence,New York,United States,New York,St. Lawrence,Pieris oleracea,198821
12280469,2018-05-08,,https://www.inaturalist.org/observations/12280469,45.2098420087,-75.2280288935,"Stormont, Dundas and Glengarry",,Canada,Ontario,"Stormont, Dundas and Glengarry",Pieris oleracea,198821
12309888,2018-05-09,,https://www.inaturalist.org/observations/12309888,45.3185376053,-72.449047226,Brome-Missisquoi,,Canada,Québec,Brome-Missisquoi,Pieris oleracea,198821
12396108,2018-05-12,,https://www.inaturalist.org/observations/12396108,44.4148291239,-72.6751157641,Lamoille,Vermont,United States,Vermont,Lamoille,Pieris oleracea,198821
12410616,2018-05-12,,https://www.inaturalist.org/observations/12410616,43.9271942368,-78.9886401115,Durham,,Canada,Ontario,Durham,Pieris oleracea,198821
12418696,2018-05-13,,https://www.inaturalist.org/observations/12418696,48.6817110708,-93.6463507463,,,Canada,Ontario,Rainy River,Pieris oleracea,198821
12463962,2018-05-13,,https://www.inaturalist.org/observations/12463962,44.6069379618,-78.4307732547,Peterborough,,Canada,Ontario,Peterborough,Pieris oleracea,198821
12465559,2018-05-14,,https://www.inaturalist.org/observations/12465559,43.667601,-72.77507,Rutland,Vermont,United States,Vermont,Rutland,Pieris oleracea,198821
12530931,2018-05-16,,https://www.inaturalist.org/observations/12530931,43.6676525908,-72.7782021286,Rutland,Vermont,United States,Vermont,Rutland,Pieris oleracea,198821
12532100,2018-05-16,,https://www.inaturalist.org/observations/12532100,43.6730633333,-72.7824483333,Rutland,Vermont,United States,Vermont,Rutland,Pieris oleracea,198821
12590799,2018-05-18,,https://www.inaturalist.org/observations/12590799,44.809125,-72.839645,Franklin,Vermont,United States,Vermont,Franklin,Pieris oleracea,198821
12601240,2018-05-18,,https://www.inaturalist.org/observations/12601240,44.4809374465,-77.2990000248,Hastings,,Canada,Ontario,Hastings,Pieris oleracea,198821
12613730,2018-05-12,,https://www.inaturalist.org/observations/12613730,43.9375145632,-78.9863222132,Durham,,Canada,Ontario,Durham,Pieris oleracea,198821
12645129,2018-05-14,,https://www.inaturalist.org/observations/12645129,45.0287837921,-74.8162078962,"Stormont, Dundas and Glengarry",,Canada,Ontario,"Stormont, Dundas and Glengarry",Pieris oleracea,198821
12680639,2018-05-21,,https://www.inaturalist.org/observations/12680639,44.7682697994,-86.0572134151,Benzie,Michigan,United States,Michigan,Benzie,Pieris oleracea,198821
12703958,2018-05-21,,https://www.inaturalist.org/observations/12703958,44.1433213633,-77.4306750298,Hastings,,Canada,Ontario,Hastings,Pieris oleracea,198821
12708716,2018-05-20,,https://www.inaturalist.org/observations/12708716,44.4818407117,-77.297283411,Hastings,,Canada,Ontario,Hastings,Pieris oleracea,198821
12722870,2018-05-22,,https://www.inaturalist.org/observations/12722870,47.6036746168,-91.8422698975,Saint Louis,Minnesota,United States,Minnesota,St. Louis,Pieris oleracea,198821
12780286,2018-05-24,,https://www.inaturalist.org/observations/12780286,44.4719020835,-65.1129418326,Annapolis,,Canada,Nova Scotia,Annapolis,Pieris oleracea,198821
12843936,2018-05-24,,https://www.inaturalist.org/observations/12843936,45.0302396367,-74.8127746687,"Stormont, Dundas and Glengarry",,Canada,Ontario,"Stormont, Dundas and Glengarry",Pieris oleracea,198821
12844059,2018-05-25,,https://www.inaturalist.org/observations/12844059,48.436053529,-80.314200595,,,Canada,Ontario,Cochrane,Pieris oleracea,198821
12859912,2018-05-27,,https://www.inaturalist.org/observations/12859912,45.3240871486,-63.3719502948,Colchester,,Canada,Nova Scotia,Colchester,Pieris oleracea,198821
12890619,2018-05-23,,https://www.inaturalist.org/observations/12890619,46.2885922186,-85.9449505806,Schoolcraft,Michigan,United States,Michigan,Schoolcraft,Pieris oleracea,198821
12921399,2018-05-28,,https://www.inaturalist.org/observations/12921399,44.4795289374,-77.3016393185,Hastings,,Canada,Ontario,Hastings,Pieris oleracea,198821
12948958,2018-05-29,,https://www.inaturalist.org/observations/12948958,44.4938267875,-77.3246365786,Hastings,,Canada,Ontario,Hastings,Pieris oleracea,198821
12954424,2018-05-30,,https://www.inaturalist.org/observations/12954424,44.8886771576,-72.6925957203,Franklin,Vermont,United States,Vermont,Franklin,Pieris oleracea,198821
12966092,2018-05-28,,https://www.inaturalist.org/observations/12966092,44.3378730914,-79.6177029634,Simcoe,,Canada,Ontario,Simcoe,Pieris oleracea,198821
12972417,2018-05-30,,https://www.inaturalist.org/observations/12972417,43.7138783237,-72.9019002912,Rutland,Vermont,United States,Vermont,Rutland,Pieris oleracea,198821
13007235,2018-05-31,,https://www.inaturalist.org/observations/13007235,44.4782500211,-77.3041295993,Hastings,,Canada,Ontario,Hastings,Pieris oleracea,198821
13152981,2018-05-30,,https://www.inaturalist.org/observations/13152981,46.8894261316,-60.4692500173,Victoria,,Canada,Nova Scotia,Victoria,Pieris oleracea,198821
13153030,2018-05-24,,https://www.inaturalist.org/observations/13153030,44.7793505093,-76.2246184544,Lanark,,Canada,Ontario,Lanark,Pieris oleracea,198821
13225748,2018-06-07,,https://www.inaturalist.org/observations/13225748,44.31826647,-80.14844731,Simcoe,,Canada,Ontario,Simcoe,Pieris oleracea,198821
13268135,2018-06-09,,https://www.inaturalist.org/observations/13268135,46.0627712248,-64.7623308763,Albert,,Canada,New Brunswick,Albert,Pieris oleracea,198821
13270344,2018-06-09,,https://www.inaturalist.org/observations/13270344,44.5468883333,-79.0526111667,Kawartha Lakes,,Canada,Ontario,Kawartha Lakes,Pieris oleracea,198821
13300121,2018-06-09,,https://www.inaturalist.org/observations/13300121,44.636175,-79.010705,Kawartha Lakes,,Canada,Ontario,Kawartha Lakes,Pieris oleracea,198821
13302888,2018-06-06,,https://www.inaturalist.org/observations/13302888,44.3557004315,-80.5518937047,Grey,,Canada,Ontario,Grey,Pieris oleracea,198821
13310128,2017-07-24,,https://www.inaturalist.org/observations/13310128,47.4893314,-93.56895,Itasca,Minnesota,United States,Minnesota,Itasca,Pieris oleracea,198821
13487994,2018-05-22,,https://www.inaturalist.org/observations/13487994,44.6452666667,-72.38257,Orleans,Vermont,United States,Vermont,Orleans,Pieris oleracea,198821
13488302,2018-06-16,,https://www.inaturalist.org/observations/13488302,43.8250842468,-80.00415802,Peel,,Canada,Ontario,Peel,Pieris oleracea,198821
13513379,2018-06-04,,https://www.inaturalist.org/observations/13513379,48.6683593789,-93.6608504053,,,Canada,Ontario,Rainy River,Pieris oleracea,198821
13654168,2015-06-21,,https://www.inaturalist.org/observations/13654168,45.50506026,-76.62974463,Renfrew,,Canada,Ontario,Renfrew,Pieris oleracea,198821
13786211,2018-06-03,,https://www.inaturalist.org/observations/13786211,44.6131043657,-72.5119047702,Lamoille,Vermont,United States,Vermont,Lamoille,Pieris oleracea,198821
13789142,2018-06-25,,https://www.inaturalist.org/observations/13789142,45.410739,-93.715137,Sherburne,Minnesota,United States,Minnesota,Sherburne,Pieris oleracea,198821
13806459,2018-06-26,,https://www.inaturalist.org/observations/13806459,45.2435029,-72.454758,Brome-Missisquoi,,Canada,Québec,Brome-Missisquoi,Pieris oleracea,198821
13818272,2018-06-26,,https://www.inaturalist.org/observations/13818272,49.1331425487,-85.8303413673,,,Canada,Ontario,Thunder Bay,Pieris oleracea,198821
13871634,2015-08-01,,https://www.inaturalist.org/observations/13871634,44.6491260559,-65.5383582768,Annapolis,,Canada,Nova Scotia,Annapolis,Pieris oleracea,198821
13876333,2018-06-28,,https://www.inaturalist.org/observations/13876333,53.6724711964,-112.830702961,Division No. 10,,Canada,Alberta,Division No. 10,Pieris oleracea,198821
13983214,2018-07-02,,https://www.inaturalist.org/observations/13983214,43.6419892113,-72.8855206356,Rutland,Vermont,United States,Vermont,Rutland,Pieris oleracea,198821
14021194,2018-07-03,,https://www.inaturalist.org/observations/14021194,44.49319,-77.32472,Hastings,,Canada,Ontario,Hastings,Pieris oleracea,198821
14021478,2018-07-03,,https://www.inaturalist.org/observations/14021478,44.492812,-77.323791,Hastings,,Canada,Ontario,Hastings,Pieris oleracea,198821
14028386,2018-07-03,,https://www.inaturalist.org/observations/14028386,47.5874529,-94.7516528,Beltrami,Minnesota,United States,Minnesota,Beltrami,Pieris oleracea,198821
14087873,2018-07-04,,https://www.inaturalist.org/observations/14087873,44.021809,-79.164776,Durham,,Canada,Ontario,Durham,Pieris oleracea,198821
14122843,2018-07-06,,https://www.inaturalist.org/observations/14122843,45.3845677925,-75.2307332403,Prescott and Russell,,Canada,Ontario,Prescott and Russell,Pieris oleracea,198821
14139107,2018-07-07,,https://www.inaturalist.org/observations/14139107,44.479536,-77.301377,Hastings,,Canada,Ontario,Hastings,Pieris oleracea,198821
14166889,2015-05-25,,https://www.inaturalist.org/observations/14166889,44.7629518608,-72.1471029739,Orleans,Vermont,United States,Vermont,Orleans,Pieris oleracea,198821
14172544,2018-07-01,,https://www.inaturalist.org/observations/14172544,48.6033474306,-93.6795679612,,,Canada,Ontario,Rainy River,Pieris oleracea,198821
14173001,2018-06-30,,https://www.inaturalist.org/observations/14173001,44.5739333333,-79.09541,Kawartha Lakes,,Canada,Ontario,Kawartha Lakes,Pieris oleracea,198821
14188236,2018-05-21,,https://www.inaturalist.org/observations/14188236,44.7080718278,-63.4609826724,Halifax,,Canada,Nova Scotia,Halifax,Pieris oleracea,198821
14195014,2018-07-08,,https://www.inaturalist.org/observations/14195014,44.481149,-77.297951,Hastings,,Canada,Ontario,Hastings,Pieris oleracea,198821
14211977,2018-07-08,,https://www.inaturalist.org/observations/14211977,45.3262864905,-72.5036108463,Brome-Missisquoi,,Canada,Québec,Brome-Missisquoi,Pieris oleracea,198821
14218408,2018-07-07,,https://www.inaturalist.org/observations/14218408,51.090892156,-96.6766159016,Division No. 18,,Canada,Manitoba,Division No. 18,Pieris oleracea,198821
14248480,2018-07-02,,https://www.inaturalist.org/observations/14248480,48.7761845008,-93.6800194354,,,Canada,Ontario,Rainy River,Pieris oleracea,198821
14298677,2018-07-12,,https://www.inaturalist.org/observations/14298677,43.415975,-80.1218716667,Wellington,,Canada,Ontario,Wellington,Pieris oleracea,198821
14327412,2018-07-13,,https://www.inaturalist.org/observations/14327412,44.3222416667,-74.55095,St. Lawrence,New York,United States,New York,St. Lawrence,Pieris oleracea,198821
14331012,2018-07-13,,https://www.inaturalist.org/observations/14331012,48.4450033333,-89.3238666667,,,Canada,Ontario,Thunder Bay,Pieris oleracea,198821
14389007,2018-07-10,,https://www.inaturalist.org/observations/14389007,48.7894025465,-93.6882307975,,,Canada,Ontario,Rainy River,Pieris oleracea,198821
14402878,2018-07-14,,https://www.inaturalist.org/observations/14402878,49.4827706975,-94.4885443053,,,Canada,Ontario,Kenora,Pieris oleracea,198821
14411199,2018-07-15,,https://www.inaturalist.org/observations/14411199,44.379511,-77.314159,Hastings,,Canada,Ontario,Hastings,Pieris oleracea,198821
14468872,2018-07-17,,https://www.inaturalist.org/observations/14468872,43.5155301101,-79.9916553497,Halton,,Canada,Ontario,Halton,Pieris oleracea,198821
14474386,2018-07-17,,https://www.inaturalist.org/observations/14474386,44.481164,-77.29858,Hastings,,Canada,Ontario,Hastings,Pieris oleracea,198821
14546444,2018-07-20,,https://www.inaturalist.org/observations/14546444,45.434925,-76.5800466667,Renfrew,,Canada,Ontario,Renfrew,Pieris oleracea,198821
14580118,2018-07-21,,https://www.inaturalist.org/observations/14580118,43.6957033333,-80.2477116667,Wellington,,Canada,Ontario,Wellington,Pieris oleracea,198821
14622241,2018-07-21,,https://www.inaturalist.org/observations/14622241,44.0585711653,-79.3175630658,York,,Canada,Ontario,York,Pieris oleracea,198821
14646020,2018-07-22,,https://www.inaturalist.org/observations/14646020,45.0718507418,-87.120554974,Door,Wisconsin,United States,Wisconsin,Door,Pieris oleracea,198821
14894209,2018-07-14,,https://www.inaturalist.org/observations/14894209,48.810623,-94.562894,,,Canada,Ontario,Rainy River,Pieris oleracea,198821
14910214,2018-07-29,,https://www.inaturalist.org/observations/14910214,44.4516544065,-77.4599891817,Hastings,,Canada,Ontario,Hastings,Pieris oleracea,198821
14972808,2018-07-29,,https://www.inaturalist.org/observations/14972808,44.0587020219,-79.3164038225,York,,Canada,Ontario,York,Pieris oleracea,198821
14973104,2018-07-29,,https://www.inaturalist.org/observations/14973104,44.059729006,-79.3216687671,York,,Canada,Ontario,York,Pieris oleracea,198821
14998248,2018-07-26,,https://www.inaturalist.org/observations/14998248,45.5473938,-74.8576089,Prescott and Russell,,Canada,Ontario,Prescott and Russell,Pieris oleracea,198821
15012586,2018-07-12,,https://www.inaturalist.org/observations/15012586,48.6091571433,-93.7024159346,,,Canada,Ontario,Rainy River,Pieris oleracea,198821
15024020,2018-08-01,,https://www.inaturalist.org/observations/15024020,43.4166930556,-80.3366047222,Regional Municipality of Waterloo,,Canada,Ontario,Regional Municipality of Waterloo,Pieris oleracea,198821
15276114,2018-08-09,,https://www.inaturalist.org/observations/15276114,43.4146216667,-80.1027883333,Wellington,,Canada,Ontario,Wellington,Pieris oleracea,198821
15370136,2018-08-12,,https://www.inaturalist.org/observations/15370136,44.646009,-79.091569,Kawartha Lakes,,Canada,Ontario,Kawartha Lakes,Pieris oleracea,198821
15376893,2018-07-24,,https://www.inaturalist.org/observations/15376893,45.335075,-72.1813466667,Memphrémagog,,Canada,Québec,Memphrémagog,Pieris oleracea,198821
15383590,2018-08-12,,https://www.inaturalist.org/observations/15383590,44.481306,-77.298386,Hastings,,Canada,Ontario,Hastings,Pieris oleracea,198821
15400176,2011-07-25,,https://www.inaturalist.org/observations/15400176,45.5589590996,-64.6569811842,Cumberland,,Canada,Nova Scotia,Cumberland,Pieris oleracea,198821
15401528,2011-08-01,,https://www.inaturalist.org/observations/15401528,45.4120953545,-64.7258270247,Cumberland,,Canada,Nova Scotia,Cumberland,Pieris oleracea,198821
15450268,2018-07-30,,https://www.inaturalist.org/observations/15450268,51.2476090693,-80.6750558251,,,Canada,Ontario,Cochrane,Pieris oleracea,198821
15451659,2018-08-14,,https://www.inaturalist.org/observations/15451659,44.1988460336,-78.4634310007,Kawartha Lakes,,Canada,Ontario,Kawartha Lakes,Pieris oleracea,198821
15476796,2018-08-15,,https://www.inaturalist.org/observations/15476796,44.479401,-77.303787,Hastings,,Canada,Ontario,Hastings,Pieris oleracea,198821
15521471,2018-07-30,,https://www.inaturalist.org/observations/15521471,51.27588942,-80.6389565393,,,Canada,Ontario,Cochrane,Pieris oleracea,198821
15523964,2018-08-16,,https://www.inaturalist.org/observations/15523964,48.361170088,-79.0005662099,Rouyn-Noranda,,Canada,Québec,Rouyn-Noranda,Pieris oleracea,198821
15771842,2018-08-19,,https://www.inaturalist.org/observations/15771842,44.6850595594,-79.0515511452,Kawartha Lakes,,Canada,Ontario,Kawartha Lakes,Pieris oleracea,198821
15864525,2018-08-23,,https://www.inaturalist.org/observations/15864525,43.7306329412,-79.9566141888,Peel,,Canada,Ontario,Peel,Pieris oleracea,198821
15951472,2018-08-26,,https://www.inaturalist.org/observations/15951472,46.3531033333,-62.52529,Kings,,Canada,Prince Edward Island,Kings,Pieris oleracea,198821
15957980,2018-05-17,,https://www.inaturalist.org/observations/15957980,44.4684093794,-77.3156441475,Hastings,,Canada,Ontario,Hastings,Pieris oleracea,198821
16011680,2018-08-19,,https://www.inaturalist.org/observations/16011680,51.8006127058,-80.6881294795,,,Canada,Ontario,Cochrane,Pieris oleracea,198821
16129259,2018-08-31,,https://www.inaturalist.org/observations/16129259,45.6690254211,-86.9660568237,Delta,Michigan,United States,Michigan,Delta,Pieris oleracea,198821
16394253,2018-07-27,,https://www.inaturalist.org/observations/16394253,44.3737527778,-75.5959388889,St. Lawrence,New York,United States,New York,St. Lawrence,Pieris oleracea,198821
16404738,2015-07-26,,https://www.inaturalist.org/observations/16404738,45.5076702906,-64.7481892877,Cumberland,,Canada,Nova Scotia,Cumberland,Pieris oleracea,198821
16441688,2018-07-07,,https://www.inaturalist.org/observations/16441688,53.9736194444,-79.0673055556,Nord-du-Québec,,Canada,Québec,Nord-du-Québec,Pieris oleracea,198821
17134203,2013-08-07,,https://www.inaturalist.org/observations/17134203,44.709086363,-79.3686444174,Simcoe,,Canada,Ontario,Simcoe,Pieris oleracea,198821
17353369,2016-07-14,,https://www.inaturalist.org/observations/17353369,50.5884635724,-96.0421390297,Division No. 1,,Canada,Manitoba,Division No. 1,Pieris oleracea,198821
17423959,2018-05-28,,https://www.inaturalist.org/observations/17423959,49.7145685037,-95.9890516099,Division No. 1,,Canada,Manitoba,Division No. 1,Pieris oleracea,198821
17449538,2018-05-21,,https://www.inaturalist.org/observations/17449538,45.0495302829,-81.3724751396,Bruce,,Canada,Ontario,Bruce,Pieris oleracea,198821
17538313,2017-06-03,,https://www.inaturalist.org/observations/17538313,44.7990601055,-79.0965065831,Kawartha Lakes,,Canada,Ontario,Kawartha Lakes,Pieris oleracea,198821
17969052,2018-09-04,,https://www.inaturalist.org/observations/17969052,45.2435029,-72.454758,Brome-Missisquoi,,Canada,Québec,Brome-Missisquoi,Pieris oleracea,198821
17971693,2016-07-05,,https://www.inaturalist.org/observations/17971693,45.5154447,-73.8973769,Communauté-Urbaine-de-Montréal,,Canada,Québec,Communauté-Urbaine-de-Montréal,Pieris oleracea,198821
18016385,2013-06-03,,https://www.inaturalist.org/observations/18016385,45.11232,-70.351232,Franklin,Maine,United States,Maine,Franklin,Pieris oleracea,198821
18354574,2015-05-27,,https://www.inaturalist.org/observations/18354574,44.2505,-74.2389,Franklin,New York,United States,New York,Franklin,Pieris oleracea,198821
18472462,2011-08-31,,https://www.inaturalist.org/observations/18472462,45.5641750302,-64.6185398635,Cumberland,,Canada,Nova Scotia,Cumberland,Pieris oleracea,198821
18487776,2018-06-09,,https://www.inaturalist.org/observations/18487776,44.6223662537,-72.498286868,Lamoille,Vermont,United States,Vermont,Lamoille,Pieris oleracea,198821
18719206,2007-06-01,,https://www.inaturalist.org/observations/18719206,44.0740642607,-78.5078968061,Durham,,Canada,Ontario,Durham,Pieris oleracea,198821
18734286,2018-07-01,,https://www.inaturalist.org/observations/18734286,45.2435029,-72.454758,Brome-Missisquoi,,Canada,Québec,Brome-Missisquoi,Pieris oleracea,198821
18928498,2005-07-30,,https://www.inaturalist.org/observations/18928498,44.4322538,-74.1802378,Franklin,New York,United States,New York,Franklin,Pieris oleracea,198821
19183243,2018-07-22,,https://www.inaturalist.org/observations/19183243,45.751552,-74.826825,Papineau,,Canada,Québec,Papineau,Pieris oleracea,198821
19339288,2018-09-12,,https://www.inaturalist.org/observations/19339288,44.6921316667,-72.3528333333,Orleans,Vermont,United States,Vermont,Orleans,Pieris oleracea,198821
19466608,2018-08-19,,https://www.inaturalist.org/observations/19466608,51.8115487589,-80.7066433331,,,Canada,Ontario,Cochrane,Pieris oleracea,198821
19520444,2012-05-14,,https://www.inaturalist.org/observations/19520444,45.4611128482,-64.6783700563,Cumberland,,Canada,Nova Scotia,Cumberland,Pieris oleracea,198821
19535384,2012-05-27,,https://www.inaturalist.org/observations/19535384,45.5336153162,-64.6595484711,Cumberland,,Canada,Nova Scotia,Cumberland,Pieris oleracea,198821
19576304,2012-07-06,,https://www.inaturalist.org/observations/19576304,45.2794278225,-64.9440521694,Cumberland,,Canada,Nova Scotia,Cumberland,Pieris oleracea,198821
19693599,2013-07-20,,https://www.inaturalist.org/observations/19693599,45.5567340793,-64.7256646381,Cumberland,,Canada,Nova Scotia,Cumberland,Pieris oleracea,198821
19710880,2014-05-21,,https://www.inaturalist.org/observations/19710880,45.5550189168,-64.7134160564,Cumberland,,Canada,Nova Scotia,Cumberland,Pieris oleracea,198821
19783156,2015-07-22,,https://www.inaturalist.org/observations/19783156,45.5968483433,-64.739978923,Cumberland,,Canada,Nova Scotia,Cumberland,Pieris oleracea,198821
20060636,2018-07-06,,https://www.inaturalist.org/observations/20060636,44.4549618275,-77.3548263954,Hastings,,Canada,Ontario,Hastings,Pieris oleracea,198821
20060643,2018-07-06,,https://www.inaturalist.org/observations/20060643,44.45531229,-77.354013365,Hastings,,Canada,Ontario,Hastings,Pieris oleracea,198821
20125941,2004-07-02,,https://www.inaturalist.org/observations/20125941,42.8363081,-88.4525012,Walworth,Wisconsin,United States,Wisconsin,Walworth,Pieris oleracea,198821
20255647,2018-05-13,,https://www.inaturalist.org/observations/20255647,44.3141863266,-72.4909499189,Washington,Vermont,United States,Vermont,Washington,Pieris oleracea,198821
20310860,2014-08-09,,https://www.inaturalist.org/observations/20310860,44.337725,-75.725841,Jefferson,New York,United States,New York,Jefferson,Pieris oleracea,198821
20376032,2018-09-14,,https://www.inaturalist.org/observations/20376032,45.2079234176,-63.2184475315,Colchester,,Canada,Nova Scotia,Colchester,Pieris oleracea,198821
20975711,2018-07-07,,https://www.inaturalist.org/observations/20975711,44.4672490352,-77.2360822093,Hastings,,Canada,Ontario,Hastings,Pieris oleracea,198821
21151898,2018-05-14,,https://www.inaturalist.org/observations/21151898,44.3923604415,-72.6780281281,Washington,Vermont,United States,Vermont,Washington,Pieris oleracea,198821
21609849,2011-05-15,,https://www.inaturalist.org/observations/21609849,45.2164816282,-85.0139923766,Charlevoix,Michigan,United States,Michigan,Charlevoix,Pieris oleracea,198821
21674177,2012-04-15,,https://www.inaturalist.org/observations/21674177,45.2138047171,-85.0051645562,Charlevoix,Michigan,United States,Michigan,Charlevoix,Pieris oleracea,198821
21929097,2016-07-08,,https://www.inaturalist.org/observations/21929097,46.7844141171,-71.2701426029,Communauté-Urbaine-de-Québec,,Canada,Québec,Communauté-Urbaine-de-Québec,Pieris oleracea,198821
21966546,2016-08-18,,https://www.inaturalist.org/observations/21966546,44.3888125924,-78.3502193511,Peterborough,,Canada,Ontario,Peterborough,Pieris oleracea,198821
22077028,2016-08-11,,https://www.inaturalist.org/observations/22077028,51.682628453,-80.5661732245,,,Canada,Ontario,Cochrane,Pieris oleracea,198821
22119563,2004-05-06,,https://www.inaturalist.org/observations/22119563,44.52408,-78.979797,Kawartha Lakes,,Canada,Ontario,Kawartha Lakes,Pieris oleracea,198821
22126533,2017-07-22,,https://www.inaturalist.org/observations/22126533,44.7428055556,-72.5906305556,Lamoille,Vermont,United States,Vermont,Lamoille,Pieris oleracea,198821
22189622,2018-05-26,,https://www.inaturalist.org/observations/22189622,43.688108,-79.989645,Halton,,Canada,Ontario,Halton,Pieris oleracea,198821
22374210,2018-07-11,,https://www.inaturalist.org/observations/22374210,51.4970850255,-55.5204123219,Division No. 9,,Canada,Newfoundland and Labrador,Division No. 9,Pieris oleracea,198821
